{"cameraMode":{"drawMode":0,"name":"Shaded","section":"Shading Mode"},"sceneLighting":false,"audioPlay":false,"sceneViewState":{"m_AlwaysRefresh":false,"showFog":true,"showSkybox":true,"showFlares":true,"showImageEffects":true,"showParticleSystems":true,"showVisualEffectGraphs":true,"m_FxEnabled":true},"in2DMode":false,"pivot":{"x":5.681403636932373,"y":14.054262161254883,"z":39.34318161010742},"rotation":{"x":0.10880257934331894,"y":-0.39398565888404848,"z":0.04702642932534218,"w":0.9114488363265991},"size":4.431258201599121,"orthographic":false}